,62(mod)_pBA581,SPI1_pDS255,EP300_pDS268,SNAI1_pDS266,ZNF326_pDS262,BHLHE40_pDS258,CREB1_pDS269,DDIT3_pDS263
62(mod)_pBA581,0.0,0.21183262227114386,0.23527181539187775,0.23485380122194688,0.22278599045926034,0.20542255024056635,0.20502307935236486,0.20096832006458049
SPI1_pDS255,0.21183262227114386,0.0,0.22311358712823812,0.22433028833194193,0.18588991413823913,0.18734922743245055,0.21853208350320225,0.21816756513286045
EP300_pDS268,0.23527181539187775,0.22311358712823812,0.0,0.18590121196033182,0.24867765758851593,0.23078815200899433,0.2552164103738147,0.22331786951840576
SNAI1_pDS266,0.23485380122194688,0.22433028833194193,0.18590121196033182,0.0,0.21246754643915428,0.197581507724503,0.2404828182017731,0.19547967671261784
ZNF326_pDS262,0.22278599045926034,0.18588991413823913,0.24867765758851593,0.21246754643915428,0.0,0.17446935845643183,0.21768597247135127,0.19667750516612292
BHLHE40_pDS258,0.20542255024056635,0.18734922743245055,0.23078815200899433,0.197581507724503,0.17446935845643183,0.0,0.18866586448504105,0.18163406844860622
CREB1_pDS269,0.20502307935236486,0.21853208350320225,0.2552164103738147,0.2404828182017731,0.21768597247135127,0.18866586448504105,0.0,0.21001168725140307
DDIT3_pDS263,0.20096832006458049,0.21816756513286045,0.22331786951840576,0.19547967671261784,0.19667750516612292,0.18163406844860622,0.21001168725140307,0.0
