,nan,control
nan,0.0,0.09696986884397286
control,0.09696986884397286,0.0
