,2i (LIF+MEKi+GSK3i),control
2i (LIF+MEKi+GSK3i),0.0,0.04592574879650146
control,0.04592574879650146,0.0
