perturbation,nan,control
nan,0.0,33.58249973276975
control,33.58249973276975,0.0
