,singlePCA,multiPCA,edist,pvalue,significant,pvalue_adj,significant_adj,log10_edist
control,0.0,0.0,0.0,0.0,True,0.0,True,-inf
chr11;61102756;61102774;+,85.64285001908343,136.15246326273018,85.64282843599176,0.12,False,0.12,False,1.9326910018482215
chr6;37145575;37145593;+,108.78492324806439,177.57804294193966,108.78495166653032,0.003,True,0.0089730269999999,True,2.036568823117752
"GFP, 2",108.44778924054549,186.79220988358747,108.44769754387949,0.004,True,0.0089730269999999,True,2.035220335929716
chr6;37178342;37178360;+,282.03056119165876,432.9172466961991,282.0302926233719,0.0,True,0.0,True,2.450295758009484
