,control,crizotinib,osimertinib,osimertinib+crizotinib
control,0.0,0.1635881220478037,3.6096364962829313,5.260717845627518
crizotinib,0.1635881220478037,0.0,3.599009489013463,5.294923932200303
osimertinib,3.6096364962829313,3.599009489013463,0.0,0.748801752364173
osimertinib+crizotinib,5.260717845627517,5.2949239322003026,0.7488017523641721,0.0
