,control,GNE-104,erlotinib,GNE-069
control,0.0,11.65771902421181,15.178335464613534,14.784341447994473
GNE-104,11.657719024211808,0.0,0.8233508747442784,1.0174320955247893
erlotinib,15.178335464613532,0.8233508747442784,0.0,0.5018396243121899
GNE-069,14.784341447994471,1.0174320955247893,0.5018396243121899,0.0
