,etoposide,Ana-12,Tazemetostat,RO4929097,Ispenisib,control,panobinostat
etoposide,0.0,4.167148897754796,3.89065185010908,4.118421465644474,3.9236117016965846,0.9912193274022574,2.7886038522074763
Ana-12,4.167148897754796,0.0,1.3878153068583288,1.1147859586562312,0.5385760384677365,2.081694617708516,3.2651694549281878
Tazemetostat,3.89065185010908,1.3878153068583288,0.0,0.8670179537363083,0.7475669088824954,1.8203953746819028,1.3763889574363688
RO4929097,4.118421465644474,1.1147859586562312,0.8670179537363083,0.0,0.7004577444300413,1.8083674353160877,1.9250709113061326
Ispenisib,3.9236117016965846,0.5385760384677365,0.7475669088824954,0.7004577444300413,0.0,1.8346255826181945,2.220738081837345
control,0.9912193274022574,2.081694617708516,1.8203953746819028,1.8083674353160877,1.8346255826181945,0.0,1.2909005753728007
panobinostat,2.7886038522074763,3.2651694549281878,1.3763889574363688,1.9250709113061326,2.220738081837345,1.2909005753728007,0.0
