perturbation,PDH.inhibitor,ACLY.inhibitor,control,ACSS2.inhibitor,Citrate,Pyruvate,Acetate,Chloride
PDH.inhibitor,0.0,0.1369921952891957,2.182341101534888,2.6187779095396735,7.5956692694580425,7.987787371819564,10.215096320497196,13.249513360646091
ACLY.inhibitor,0.1369921952891957,0.0,2.250724323664514,3.274734910170949,6.4756306877722665,6.852060793495923,8.817811816239896,13.184298882934257
control,2.182341101534888,2.250724323664514,0.0,2.032713298946206,7.34772154887294,6.7386047452069135,9.981583149557366,20.073832822644505
ACSS2.inhibitor,2.6187779095396735,3.274734910170949,2.032713298946206,0.0,14.84585446335555,13.742369500957537,18.154851657761284,21.664322103514436
Citrate,7.5956692694580425,6.4756306877722665,7.34772154887294,14.84585446335555,0.0,0.8993476712111459,0.9411278987418115,21.022524516004736
Pyruvate,7.987787371819564,6.852060793495923,6.7386047452069135,13.742369500957537,0.8993476712111459,0.0,0.708110690712175,24.259146578446234
Acetate,10.215096320497196,8.817811816239896,9.981583149557366,18.154851657761284,0.9411278987418115,0.708110690712175,0.0,24.464555108329478
Chloride,13.249513360646091,13.184298882934257,20.073832822644505,21.664322103514436,21.022524516004736,24.259146578446234,24.464555108329478,0.0
