perturbation,SAHA,BMS,control,Dex,Nutlin
SAHA,1.0,0.7877287628062244,-0.6628620475737417,-0.4472855942304445,-0.3320441773850883
BMS,0.7877287628062244,1.0,-0.08400121474711982,-0.8055588777977365,-0.4951716183780647
control,-0.6628620475737417,-0.08400121474711982,1.0,-0.10783533885302493,-0.2516588389329615
Dex,-0.4472855942304445,-0.8055588777977365,-0.10783533885302493,1.0,-0.011726540848616894
Nutlin,-0.3320441773850883,-0.4951716183780647,-0.2516588389329615,-0.011726540848616894,1.0
