perturbation,ACLY.inhibitor,ACSS2.inhibitor,PDH.inhibitor,Chloride,control,Citrate,Pyruvate,Acetate
ACLY.inhibitor,1.0,0.335340798086394,0.22497177128127935,0.36210089232030523,-0.2647913858992481,-0.48570484904926187,-0.4387132476297083,-0.5812591766468523
ACSS2.inhibitor,0.335340798086394,1.0,0.5047119131541206,0.29304674723413937,-0.17797891485327177,-0.5938919067804567,-0.6412341387199234,-0.5932968852115509
PDH.inhibitor,0.22497177128127935,0.5047119131541206,1.0,0.647203134194796,-0.3460384479010991,-0.6620366531183571,-0.5687612528370027,-0.7896291546147169
Chloride,0.36210089232030523,0.29304674723413937,0.647203134194796,1.0,-0.4066594956989076,-0.6538791503350423,-0.8378883586956094,-0.5921777272496259
control,-0.2647913858992481,-0.17797891485327177,-0.3460384479010991,-0.4066594956989076,1.0,0.18483576975573981,0.13547980913151714,0.10240194264798409
Citrate,-0.48570484904926187,-0.5938919067804567,-0.6620366531183571,-0.6538791503350423,0.18483576975573981,1.0,0.6268385055097206,0.5457507951916892
Pyruvate,-0.4387132476297083,-0.6412341387199234,-0.5687612528370027,-0.8378883586956094,0.13547980913151714,0.6268385055097206,1.0,0.7588974772803274
Acetate,-0.5812591766468523,-0.5932968852115509,-0.7896291546147169,-0.5921777272496259,0.10240194264798409,0.5457507951916892,0.7588974772803274,1.0
